{"stats":{"minecraft:used":{"minecraft:oak_leaves":3,"minecraft:sandstone":4,"minecraft:mossy_cobblestone":16,"minecraft:red_sandstone":1},"minecraft:custom":{"minecraft:jump":40,"minecraft:time_since_rest":84166,"minecraft:crouch_one_cm":595,"minecraft:play_one_minute":107119,"minecraft:leave_game":5,"minecraft:sprint_one_cm":1390,"minecraft:walk_one_cm":5336,"minecraft:time_since_death":84165,"minecraft:deaths":2,"minecraft:sneak_time":638,"minecraft:climb_one_cm":198,"minecraft:fly_one_cm":83161}},"DataVersion":2230}