{"stats":{"minecraft:picked_up":{"minecraft:potion":2,"minecraft:bone":2,"minecraft:glass_bottle":1,"minecraft:melon_slice":1,"minecraft:iron_sword":1},"minecraft:killed_by":{"minecraft:stray":2},"minecraft:dropped":{"minecraft:glass_bottle":1},"minecraft:used":{"minecraft:potion":1},"minecraft:custom":{"minecraft:jump":88,"minecraft:open_chest":1,"minecraft:time_since_rest":4022,"minecraft:leave_game":1,"minecraft:play_one_minute":5358,"minecraft:deaths":2,"minecraft:sprint_one_cm":8344,"minecraft:damage_taken":550,"minecraft:time_since_death":4020,"minecraft:walk_one_cm":7415,"minecraft:sneak_time":7,"minecraft:bell_ring":65,"minecraft:drop":1,"minecraft:fall_one_cm":1105,"minecraft:fly_one_cm":26507}},"DataVersion":2230}