{"stats":{"minecraft:custom":{"minecraft:time_since_rest":18957,"minecraft:sprint_one_cm":14797,"minecraft:damage_taken":1580,"minecraft:walk_one_cm":49815,"minecraft:mob_kills":5,"minecraft:drop":4,"minecraft:damage_dealt":1860,"minecraft:fly_one_cm":168699,"minecraft:crouch_one_cm":3913,"minecraft:play_one_minute":59297,"minecraft:sneak_time":3628,"minecraft:deaths":4,"minecraft:jump":130,"minecraft:leave_game":2,"minecraft:time_since_death":18956,"minecraft:fall_one_cm":1618},"minecraft:killed":{"minecraft:sheep":3,"minecraft:pig":1,"minecraft:wither_skeleton":1},"minecraft:picked_up":{"minecraft:diamond_sword":1,"minecraft:porkchop":2,"minecraft:bone":2,"minecraft:slime_ball":6,"minecraft:gold_nugget":2,"minecraft:player_head":2,"minecraft:light_gray_wool":1,"minecraft:mutton":4,"minecraft:coal":1,"minecraft:white_wool":1},"minecraft:mined":{"minecraft:player_head":1},"minecraft:dropped":{"minecraft:diamond_sword":1,"minecraft:player_head":1,"minecraft:gold_nugget":1,"minecraft:slime_ball":6},"minecraft:used":{"minecraft:wooden_axe":13,"minecraft:red_sandstone":1,"minecraft:sandstone_stairs":60,"minecraft:command_block":39,"minecraft:grass_block":8,"minecraft:smooth_sandstone":11,"minecraft:smooth_sandstone_slab":4,"minecraft:sandstone":32,"minecraft:player_head":110,"minecraft:smooth_sandstone_stairs":33,"minecraft:mossy_cobblestone":1,"minecraft:diamond_sword":20,"minecraft:sandstone_slab":34},"minecraft:killed_by":{"minecraft:wither_skeleton":1,"minecraft:skeleton":1}},"DataVersion":2230}