{"stats":{"minecraft:picked_up":{"minecraft:sandstone":1,"minecraft:sandstone_slab":1,"minecraft:cut_sandstone":1,"minecraft:sandstone_wall":1,"minecraft:chiseled_sandstone":1,"minecraft:rotten_flesh":6,"minecraft:diamond":11,"minecraft:sandstone_stairs":1,"minecraft:mutton":1,"minecraft:white_wool":1},"minecraft:custom":{"minecraft:time_since_rest":239346,"minecraft:sprint_one_cm":141681,"minecraft:damage_taken":120,"minecraft:walk_one_cm":111277,"minecraft:mob_kills":12,"minecraft:drop":9,"minecraft:damage_dealt":6093,"minecraft:talked_to_villager":1,"minecraft:fly_one_cm":951528,"minecraft:open_chest":1,"minecraft:crouch_one_cm":4655,"minecraft:play_one_minute":457769,"minecraft:deaths":1,"minecraft:sneak_time":2756,"minecraft:jump":1402,"minecraft:interact_with_brewingstand":1,"minecraft:leave_game":17,"minecraft:time_since_death":239345,"minecraft:interact_with_smoker":1,"minecraft:climb_one_cm":1519,"minecraft:inspect_dispenser":2},"minecraft:dropped":{"minecraft:melon_slice":1,"minecraft:potion":2,"minecraft:rotten_flesh":6},"minecraft:used":{"minecraft:enderman_spawn_egg":1,"minecraft:lever":4,"minecraft:red_sandstone":60,"minecraft:chiseled_sandstone":66,"minecraft:sandstone_stairs":72,"minecraft:grass_block":12,"minecraft:dispenser":60,"minecraft:oak_planks":1,"minecraft:smooth_sandstone":25,"minecraft:sandstone":355,"minecraft:cut_sandstone":61,"minecraft:zombie_spawn_egg":85,"minecraft:cauldron":1,"minecraft:sandstone_wall":139,"minecraft:player_head":6,"minecraft:smooth_sandstone_stairs":30,"minecraft:torch":4,"minecraft:diamond_sword":124,"minecraft:mossy_cobblestone":2,"minecraft:cobblestone":1,"minecraft:sandstone_slab":14,"minecraft:stone_pressure_plate":67,"minecraft:snowball":11,"minecraft:red_sandstone_wall":10},"minecraft:killed":{"minecraft:sheep":1,"minecraft:zombie":8,"minecraft:wither_skeleton":2}},"DataVersion":2230}