{"stats":{"minecraft:picked_up":{"minecraft:iron_ingot":9,"minecraft:oak_log":2,"minecraft:poppy":3,"minecraft:oak_sapling":2,"minecraft:dirt":12},"minecraft:custom":{"minecraft:time_since_rest":11347,"minecraft:open_chest":5,"minecraft:play_one_minute":11347,"minecraft:crouch_one_cm":56,"minecraft:sprint_one_cm":42095,"minecraft:damage_taken":70,"minecraft:walk_one_cm":23077,"minecraft:sneak_time":1625,"minecraft:mob_kills":2,"minecraft:jump":246,"minecraft:damage_dealt":1976,"minecraft:leave_game":1,"minecraft:time_since_death":11347,"minecraft:interact_with_smoker":1,"minecraft:climb_one_cm":1250,"minecraft:interact_with_crafting_table":2,"minecraft:fall_one_cm":1925,"minecraft:fly_one_cm":69905},"minecraft:mined":{"minecraft:yellow_stained_glass_pane":1,"minecraft:oak_log":2,"minecraft:grass_block":4,"minecraft:white_stained_glass_pane":1,"minecraft:dirt":8,"minecraft:oak_leaves":6},"minecraft:crafted":{"minecraft:iron_sword":1,"minecraft:oak_planks":8,"minecraft:crafting_table":1,"minecraft:stick":8},"minecraft:used":{"minecraft:dirt":8,"minecraft:crafting_table":1,"minecraft:bread":3,"minecraft:iron_sword":31,"minecraft:potato":2},"minecraft:killed":{"minecraft:iron_golem":2}},"DataVersion":2230}